run_date,data_end,fetched_to,crop_age_days,cache_schema,rct_peak_c,day_cut_hour,blastam_window,bj_threshold,twet,prev5,towns_modelled,unjudged_nights,weighted_spent_towns
"2026-07-30","2026-07-23","2026-07-24",60,3,25,10,21,TRUE,"15-32","20-30",29,0,0
"2026-07-31","2026-07-24","2026-07-25",60,3,25,10,21,TRUE,"15-32","20-30",30,0,0
"2026-08-01","2026-07-25","2026-07-26",60,3,25,10,21,TRUE,"15-32","20-30",31,0,272
"2026-08-03","2026-07-27","2026-07-28",60,3,25,10,21,TRUE,"15-32","20-30",31,0,272
"2026-08-05","2026-07-29","2026-07-30",60,3,25,10,21,TRUE,"15-32","20-30",31,0,272
"2026-08-10","2026-08-03","2026-08-04",60,3,25,10,21,TRUE,"15-32","20-30",31,0,150.6
"2026-08-11","2026-08-04","2026-08-05",60,3,25,10,21,TRUE,"15-32","20-30",31,0,150.6
"2026-08-13","2026-08-06","2026-08-07",60,3,25,10,21,TRUE,"15-32","20-30",31,0,150.6
"2026-08-17","2026-08-10","2026-08-11",60,3,25,10,21,TRUE,"15-32","20-30",31,0,150.6
