utc_day,stamp,label,spent
2026-09-27,2026-09-28 01:13:45,grid,8549.6
2026-09-27,2026-09-28 01:16:23,towns,150.6
2026-10-01,2026-10-01 08:19:27,grid,8330.4
2026-10-02,2026-10-02 00:25:17,probe,1
2026-10-02,2026-10-02 00:25:27,grid,0
2026-10-04,2026-10-04 09:46:17,probe,1
2026-10-04,2026-10-04 11:36:34,grid,7771
2026-10-05,2026-10-05 06:19:50,probe,1
2026-10-05,2026-10-05 08:09:46,grid,7746
2026-10-05,2026-10-05 08:12:31,towns,150.6
2026-10-08,2026-10-08 10:32:23,probe,1
2026-10-08,2026-10-08 12:21:53,grid,7721
